{
    "complex": {
        "atomic_props": {
            "x": [
                0.0,
                1.4890637184150322,
                1.4890637184150313,
                1.0456053213545842,
                1.9845947437406795,
                0.8482478713568373,
                0.27895879136690427,
                0.322190575994044,
                1.5953974454625823,
                2.504882996460129,
                2.8959239716343848,
                3.22248764392382,
                1.9482228562835142,
                2.704818325547694,
                3.390653347701039,
                2.2457562789135883,
                3.405582725072112,
                3.8162694829688233,
                4.1337956746061675,
                2.474353807972696,
                3.0063703954795846,
                1.9949332362165655,
                -1.654629867976521,
                -1.35204078,
                -1.63807002,
                -1.15796809,
                -2.63068217,
                -2.83682226,
                -3.31015444,
                -3.99601236,
                -2.99747104,
                -3.43865917,
                -2.03898543,
                -1.86191301
            ],
            "y": [
                0.0,
                -1.5082404458507273,
                1.5082404458507273,
                2.3101278692567555,
                1.5719537949154363,
                -3.0313147251008634,
                -2.8156836525522446,
                -3.513922134948855,
                -3.592873392573321,
                -2.060111261468928,
                -1.2818319968932477,
                -2.6401007236309693,
                -2.5592995156171767,
                -1.0154243852253624,
                -1.726323103629124,
                -0.9630161666170782,
                0.303565962416389,
                0.2846409958578242,
                0.41453281485721294,
                1.486881755935851,
                2.3211825953422878,
                1.4571642462885614,
                1.654629867976521,
                -1.31992066,
                -1.59921746,
                -1.15933936,
                -2.5263265,
                -2.69439953,
                -3.19615732,
                -3.81199015,
                -2.9701089,
                -3.46858118,
                -2.01594063,
                -1.84921651
            ],
            "z": [
                0.0,
                2.904292043407548e-15,
                -2.957284858980827e-16,
                -0.08456122196267615,
                0.7723893720725894,
                -0.7197604254512724,
                -1.4866594891850649,
                -0.04709237213268648,
                -1.0144086681071296,
                1.388957989724992,
                1.8385466929486343,
                1.0583597384901922,
                2.0229633802848808,
                -1.2593140893460422,
                -1.326733185749237,
                -2.1347361509611504,
                -1.0074296730216301,
                -0.10732718856273797,
                -1.6700082478263911,
                -1.0978652675918925,
                -1.0728988905369625,
                -1.9637398052689188,
                0.0,
                -0.4819701,
                -1.81393823,
                -2.50351594,
                -2.14228996,
                -3.05388981,
                -1.16198741,
                -1.38686634,
                0.1242356,
                0.80170842,
                0.49125628,
                1.41015686
            ],
            "atoms": [
                "Pd",
                "P",
                "N",
                "H",
                "H",
                "C",
                "H",
                "H",
                "H",
                "C",
                "H",
                "H",
                "H",
                "C",
                "H",
                "H",
                "C",
                "H",
                "H",
                "C",
                "H",
                "H",
                "Br",
                "C",
                "C",
                "H",
                "C",
                "H",
                "C",
                "H",
                "C",
                "H",
                "C",
                "H"
            ]
        },
        "global_props": {
            "n_atoms": 34,
            "n_elements": 6,
            "molecular_weight": 382.57776199799997,
            "n_C_H_bonds": 17
        },
        "graph_dict": {
            "graph": {
                "0": {
                    "1": {},
                    "2": {},
                    "22": {},
                    "23": {}
                },
                "1": {
                    "0": {},
                    "5": {},
                    "9": {},
                    "13": {}
                },
                "2": {
                    "0": {},
                    "3": {},
                    "4": {},
                    "19": {}
                },
                "3": {
                    "2": {}
                },
                "4": {
                    "2": {}
                },
                "5": {
                    "1": {},
                    "6": {},
                    "7": {},
                    "8": {}
                },
                "6": {
                    "5": {}
                },
                "7": {
                    "5": {}
                },
                "8": {
                    "5": {}
                },
                "9": {
                    "1": {},
                    "10": {},
                    "11": {},
                    "12": {}
                },
                "10": {
                    "9": {}
                },
                "11": {
                    "9": {}
                },
                "12": {
                    "9": {}
                },
                "13": {
                    "1": {},
                    "14": {},
                    "15": {},
                    "16": {}
                },
                "14": {
                    "13": {}
                },
                "15": {
                    "13": {}
                },
                "16": {
                    "13": {},
                    "17": {},
                    "18": {},
                    "19": {}
                },
                "17": {
                    "16": {}
                },
                "18": {
                    "16": {}
                },
                "19": {
                    "2": {},
                    "16": {},
                    "20": {},
                    "21": {}
                },
                "20": {
                    "19": {}
                },
                "21": {
                    "19": {}
                },
                "22": {
                    "0": {}
                },
                "23": {
                    "0": {},
                    "24": {},
                    "32": {}
                },
                "24": {
                    "23": {},
                    "25": {},
                    "26": {}
                },
                "25": {
                    "24": {}
                },
                "26": {
                    "24": {},
                    "27": {},
                    "28": {}
                },
                "27": {
                    "26": {}
                },
                "28": {
                    "26": {},
                    "29": {},
                    "30": {}
                },
                "29": {
                    "28": {}
                },
                "30": {
                    "28": {},
                    "31": {},
                    "32": {}
                },
                "31": {
                    "30": {}
                },
                "32": {
                    "23": {},
                    "30": {},
                    "33": {}
                },