{
    "complex": {
        "atomic_props": {
            "x": [
                0.0,
                1.4457607409249975,
                1.445760740924998,
                1.5167710137370447,
                1.0052122508360963,
                2.31218490534736,
                2.3485220363088573,
                3.0341081233404306,
                3.5236653016571555,
                3.046777407697028,
                3.8368979525833993,
                4.328570471825369,
                3.9000668023232006,
                4.427959422790094,
                3.1866351820476284,
                3.2667015657972476,
                2.374353831301516,
                2.27670745244794,
                2.679984115105344,
                3.225725922246458,
                3.2548595413360237,
                2.226276777347631,
                0.6214924231537949,
                1.2764796507269962,
                -0.08134874229556122,
                0.22419597680305325,
                -1.5839191898578664,
                -1.2937473829822488,
                -1.601562203225019,
                -1.1309417375171225,
                -2.60218398542082,
                -2.8231586547736818,
                -3.2683208079706407,
                -3.9596020908062854,
                -2.9347449854640226,
                -3.3668350933519986,
                -1.9675509241539992,
                -1.7755298364628027
            ],
            "y": [
                0.0,
                -1.410629604113,
                1.4106296041130004,
                2.6954351084889145,
                3.003929541564161,
                3.616456541905481,
                4.523999227999177,
                3.202524693107259,
                3.8296603759403616,
                1.832692857474516,
                1.2797353286337163,
                1.859222231231372,
                -0.06669891212098926,
                -0.4146908148633601,
                -0.9483260638366962,
                -1.8885461018487115,
                -0.4421561961987834,
                0.9545191282488773,
                -2.2616622752689866,
                -1.599515757659693,
                -2.808485649562929,
                -2.8375833658453047,
                -2.697139198629224,
                -3.1377475469779172,
                -2.292634459513959,
                -3.358050835023122,
                1.5839191898578664,
                -1.2398794889499034,
                -1.4938654694550033,
                -1.0428217585005106,
                -2.411889969420291,
                -2.5626138747145775,
                -3.09759503004543,
                -3.707191723557817,
                -2.896087320001541,
                -3.405606940434718,
                -1.9516175659140573,
                -1.8022912010877177
            ],
            "z": [
                0.0,
                -3.214763956604268e-17,
                1.6031460444159857e-16,
                0.32803856035611545,
                1.0654764742586051,
                -0.3643969097208064,
                -0.08391798746224194,
                -1.4421046539042988,
                -1.960853778699747,
                -1.7800570785456002,
                -2.8280815800944583,
                -3.39755948444199,
                -3.0275996287663793,
                -3.737056031149464,
                -2.1870635923297277,
                -2.303543909610987,
                -1.1992107073688318,
                -1.004394094176306,
                1.0139528762482144,
                1.4868445225650635,
                0.4391171330642265,
                1.6648260506026413,
                -0.9692382903787771,
                -1.549682736541735,
                -1.5178126173237276,
                -0.3632908152654443,
                0.0,
                -0.459800567,
                -1.7919791134,
                -2.480879663,
                -2.121542410022,
                -3.032700502,
                -1.14306436557,
                -1.368328076,
                0.14198826503,
                0.81710224434,
                0.5112421903,
                1.4301324877
            ],
            "atoms": [
                "Ni",
                "P",
                "N",
                "C",
                "H",
                "C",
                "H",
                "C",
                "H",
                "C",
                "C",
                "H",
                "C",
                "H",
                "C",
                "H",
                "C",
                "C",
                "C",
                "H",
                "H",
                "H",
                "C",
                "H",
                "H",
                "H",
                "Br",
                "C",
                "C",
                "H",
                "C",
                "H",
                "C",
                "H",
                "C",
                "H",
                "C",
                "H"
            ]
        },
        "global_props": {
            "n_atoms": 38,
            "n_elements": 6,
            "molecular_weight": 404.901161998,
            "n_C_H_bonds": 17
        },
        "graph_dict": {
            "graph": {
                "0": {
                    "1": {},
                    "2": {},
                    "26": {},
                    "27": {}
                },
                "1": {
                    "0": {},
                    "16": {},
                    "18": {},
                    "22": {}
                },
                "2": {
                    "0": {},
                    "3": {},
                    "17": {}
                },
                "3": {
                    "2": {},
                    "4": {},
                    "5": {}
                },
                "4": {
                    "3": {}
                },
                "5": {
                    "3": {},
                    "6": {},
                    "7": {}
                },
                "6": {
                    "5": {}
                },
                "7": {
                    "5": {},
                    "8": {},
                    "9": {}
                },
                "8": {
                    "7": {}
                },
                "9": {
                    "7": {},
                    "10": {},
                    "17": {}
                },
                "10": {
                    "9": {},
                    "11": {},
                    "12": {}
                },
                "11": {
                    "10": {}
                },
                "12": {
                    "10": {},
                    "13": {},
                    "14": {}
                },
                "13": {
                    "12": {}
                },
                "14": {
                    "12": {},
                    "15": {},
                    "16": {}
                },
                "15": {
                    "14": {}
                },
                "16": {
                    "1": {},
                    "14": {},
                    "17": {}
                },
                "17": {
                    "2": {},
                    "9": {},
                    "16": {}
                },
                "18": {
                    "1": {},
                    "19": {},
                    "20": {},
                    "21": {}
                },
                "19": {
                    "18": {}
                },
                "20": {
                    "18": {}
                },
                "21": {
                    "18": {}
                },
                "22": {
                    "1": {},
                    "23": {},
                    "24": {},
                    "25": {}
                },
                "23": {
                    "22": {}
                },
                "24": {
                    "22": {}
                },