{
    "complex": {
        "atomic_props": {
            "x": [
                0.0,
                -0.28856,
                -1.36155,
                0.65911,
                0.47237,
                1.9142,
                2.88417,
                1.67294,
                2.59167,
                3.66888,
                1.89409,
                0.36747,
                1.93767,
                2.59894,
                2.51446,
                3.53993,
                1.93348,
                0.09486,
                -1.78891,
                -0.21109,
                -3.09862,
                -4.21304,
                -3.93852,
                -2.04474,
                -0.70556,
                0.36708,
                -2.52059,
                -1.60965,
                -3.22184,
                -5.24552,
                -4.75164,
                -2.77297,
                -0.39033,
                1.4661,
                0.0,
                0.40618,
                -0.88384,
                -1.10478,
                -0.0918,
                1.13702,
                1.36566,
                -1.72409,
                -2.05693,
                -0.22437,
                1.9516,
                2.3257,
                0.84302
            ],
            "y": [
                0.0,
                3.30291,
                3.42087,
                4.33046,
                5.39448,
                3.7387,
                4.21911,
                2.39447,
                1.26836,
                1.36269,
                -2.24783,
                2.12987,
                0.0192,
                -1.17501,
                -3.5178,
                -3.60525,
                -4.36898,
                -2.14907,
                0.0,
                0.0,
                0.02453,
                0.03021,
                0.01268,
                -0.00156,
                0.02199,
                0.0472,
                -0.01104,
                0.01216,
                0.07653,
                0.05254,
                0.01369,
                -0.0186,
                0.02574,
                0.07465,
                0.0,
                -0.12078,
                0.30325,
                0.34899,
                -0.0058,
                -0.42357,
                -0.46422,
                0.59204,
                0.66147,
                0.02039,
                -0.69357,
                -0.77535,
                -0.24928
            ],
            "z": [
                0.0,
                -0.01999,
                -0.00788,
                -0.08789,
                -0.1322,
                -0.10824,
                -0.16803,
                -0.05237,
                -0.05686,
                -0.11057,
                -0.02155,
                0.0,
                0.0,
                -0.02126,
                -0.02694,
                -0.03052,
                -0.01161,
                0.0,
                -0.21109,
                -1.78891,
                0.3833,
                -0.6795,
                -2.02461,
                -3.93119,
                -4.21449,
                -3.10852,
                -2.51599,
                -1.5914,
                1.48383,
                -0.35296,
                -2.74129,
                -4.73788,
                -5.25288,
                -3.24938,
                1.95,
                4.45295,
                4.9617,
                6.36889,
                7.25713,
                6.75278,
                5.3809,
                4.33429,
                6.80716,
                8.33297,
                7.4089,
                5.00557,
                3.07449
            ],
            "atoms": [
                "Pd",
                "C",
                "H",
                "C",
                "H",
                "C",
                "H",
                "C",
                "C",
                "H",
                "C",
                "N",
                "N",
                "N",
                "N",
                "H",
                "H",
                "S",
                "N",
                "N",
                "C",
                "C",
                "C",
                "C",
                "C",
                "C",
                "C",
                "C",
                "H",
                "H",
                "H",
                "H",
                "H",
                "H",
                "C",
                "C",
                "C",
                "C",
                "C",
                "C",
                "C",
                "H",
                "H",
                "H",
                "H",
                "H",
                "N"
            ]
        },
        "global_props": {
            "n_atoms": 47,
            "n_elements": 5,
            "molecular_weight": 505.89599999999996,
            "n_C_H_bonds": 15
        },
        "graph_dict": {
            "graph": {
                "0": {
                    "11": {},
                    "12": {},
                    "17": {},
                    "18": {},
                    "19": {},
                    "34": {}
                },
                "1": {
                    "2": {},
                    "3": {},
                    "11": {}
                },
                "2": {
                    "1": {}
                },
                "3": {
                    "1": {},
                    "4": {},
                    "5": {}
                },
                "4": {
                    "3": {}
                },
                "5": {
                    "3": {},
                    "6": {},
                    "7": {}
                },
                "6": {
                    "5": {}
                },
                "7": {
                    "5": {},
                    "8": {},
                    "11": {}
                },
                "8": {
                    "7": {},
                    "9": {},
                    "12": {}
                },
                "9": {
                    "8": {}
                },
                "10": {
                    "13": {},
                    "14": {},
                    "17": {}
                },
                "11": {
                    "0": {},
                    "1": {},
                    "7": {}
                },
                "12": {
                    "0": {},
                    "8": {},
                    "13": {}
                },
                "13": {
                    "10": {},
                    "12": {}
                },
                "14": {
                    "10": {},
                    "15": {},
                    "16": {}
                },
                "15": {
                    "14": {}
                },
                "16": {
                    "14": {}
                },
                "17": {
                    "0": {},
                    "10": {}
                },
                "18": {
                    "0": {},
                    "20": {},
                    "27": {}
                },
                "19": {
                    "0": {},
                    "25": {},
                    "27": {}
                },
                "20": {
                    "18": {},
                    "21": {},
                    "28": {}
                },
                "21": {
                    "20": {},
                    "22": {},
                    "29": {}
                },
                "22": {
                    "21": {},
                    "26": {},
                    "30": {}
                },
                "23": {
                    "24": {},
                    "26": {},
                    "31": {}
                },
                "24": {
                    "23": {},
                    "25": {},
                    "32": {}
                },
                "25": {
                    "19": {},
                    "24": {},
                    "33": {}
                },